{"city":"Lincoln","lat":40.8136,"lon":-96.7026}
{"city":"Little Rock","lat":34.7465,"lon":-92.2896}
{"city":"Long Beach","lat":33.7701,"lon":-118.1937}
{"city":"Los Angeles","lat":34.0522,"lon":-118.2437}
{"city":"Louisville","lat":38.2527,"lon":-85.7585}
{"city":"Madison","lat":43.0731,"lon":-89.4012}
{"city":"McAllen","lat":26.2034,"lon":-98.23}
{"city":"Memphis","lat":35.1495,"lon":-90.049}
{"city":"Mesa","lat":33.4151,"lon":-111.8315}
{"city":"Miami","lat":25.7617,"lon":-80.1918}
{"city":"Milwaukee","lat":43.0389,"lon":-87.9065}
{"city":"Minneapolis","lat":44.9778,"lon":-93.265}
{"city":"Modesto","lat":37.6391,"lon":-120.9969}
{"city":"Montgomery","lat":32.3792,"lon":-86.3077}
{"city":"Nashville","lat":36.1627,"lon":-86.7816}
{"city":"New Haven","lat":41.3083,"lon":-72.9279}
{"city":"New Orleans","lat":29.9511,"lon":-90.0715}
{"city":"New York","lat":40.7128,"lon":-74.006}
{"city":"Newark","lat":40.7357,"lon":-74.1724}
{"city":"Norfolk","lat":36.8508,"lon":-76.2859}
{"city":"Oakland","lat":37.8044,"lon":-122.2711}
{"city":"Oklahoma City","lat":35.4676,"lon":-97.5164}
{"city":"Omaha","lat":41.2565,"lon":-95.9345}
{"city":"Ontario","lat":34.0633,"lon":-117.6509}
{"city":"Orange","lat":33.7879,"lon":-117.8531}
{"city":"Orlando","lat":28.5383,"lon":-81.3792}
{"city":"Overland Park","lat":38.9822,"lon":-94.6708}
{"city":"Oxnard","lat":34.1975,"lon":-119.1771}
{"city":"Palmdale","lat":34.5794,"lon":-118.1165}
{"city":"Pasadena","lat":34.1478,"lon":-118.1445}
{"city":"Paterson","lat":40.9168,"lon":-74.1718}
{"city":"Peoria","lat":40.6936,"lon":-89.5889}
{"city":"Philadelphia","lat":39.9526,"lon":-75.1652}
{"city":"Phoenix","lat":33.4484,"lon":-112.074}
{"city":"Pittsburgh","lat":40.4406,"lon":-79.9959}
{"city":"Plano","lat":33.0198,"lon":-96.6989}
{"city":"Pomona","lat":34.0551,"lon":-117.749}
{"city":"Portland","lat":45.5051,"lon":-122.675}
{"city":"Providence","lat":41.824,"lon":-71.4128}
{"city":"Raleigh","lat":35.7796,"lon":-78.6382}
{"city":"Reno","lat":39.5296,"lon":-119.8138}
{"city":"Richmond","lat":37.5407,"lon":-77.436}
{"city":"Riverside","lat":33.9806,"lon":-117.3755}
{"city":"Rochester","lat":43.1566,"lon":-77.6088}
{"city":"Roseville","lat":38.7521,"lon":-121.288}
{"city":"Sacramento","lat":38.5816,"lon":-121.4944}
{"city":"Salem","lat":44.9429,"lon":-123.0351}
{"city":"Salt Lake City","lat":40.7608,"lon":-111.891}
{"city":"San Antonio","lat":29.4241,"lon":-98.4936}
{"city":"San Diego","lat":32.7157,"lon":-117.1611}
{"city":"San Francisco","lat":37.7749,"lon":-122.4194}
{"city":"San Jose","lat":37.3382,"lon":-121.8863}
{"city":"Santa Ana","lat":33.7455,"lon":-117.8677}
{"city":"Santa Clara","lat":37.3541,"lon":-121.9552}
{"city":"Santa Rosa","lat":38.4404,"lon":-122.7141}
{"city":"Savannah","lat":32.0809,"lon":-81.0912}
{"city":"Scottsdale","lat":33.4942,"lon":-111.9261}
{"city":"Seattle","lat":47.6062,"lon":-122.3321}
{"city":"Shreveport","lat":32.5252,"lon":-93.7502}
{"city":"Sioux Falls","lat":43.5446,"lon":-96.7311}
{"city":"Spokane","lat":47.6588,"lon":-117.426}
{"city":"Springfield","lat":37.2089,"lon":-93.2923}
{"city":"St. Louis","lat":38.627,"lon":-90.1994}
{"city":"St. Paul","lat":44.9537,"lon":-93.09}
{"city":"Stamford","lat":41.0534,"lon":-73.5387}
{"city":"Stockton","lat":37.9586,"lon":-121.2908}
{"city":"Sunnyvale","lat":37.3688,"lon":-122.0363}
{"city":"Syracuse","lat":43.0481,"lon":-76.1474}